{
  "optimiser": "Particle Attractor Optimisation",
  "hypers": {
    "N": 100,
    "G": 100,
    "m": 1,
    "z": 0.2,
    "k": [
      1,
      1
    ],
    "q": [
      0,
      0
    ],
    "dt": 1,
    "other attractors": [],
    "bounding": "sticky_bounds",
    "initialisation": "uniform_continuous_init"
  },
  "bounds": [
    [
      -5.12,
      5.12
    ],
    [
      -5.12,
      5.12
    ],
    [
      -5.12,
      5.12
    ],
    [
      -5.12,
      5.12
    ],
    [
      -5.12,
      5.12
    ]
  ],
  "nruns": 1,
  "nfe": 10100,
  "solutions": [
    [
      -2.0359791497076315e-05,
      -0.00013356379258223762,
      0.9949724303119953,
      -2.2866350569309585e-05,
      -2.5419282075765826e-06
    ],
    [
      -3.5725522935277276e-05,
      -0.00013433543743680338,
      0.9949728005769395,
      -2.5530807101122214e-05,
      -3.006981271820562e-06
    ],
    [
      5.521151579639174e-06,
      -0.0001423464939950148,
      0.9949786180302905,
      -2.6038586266054736e-05,
      -1.2979211682839848e-05
    ],
    [
      8.313823234762152e-06,
      -0.00014106122240500603,
      0.9949623652695923,
      -2.5554473598274146e-05,
      -3.0303036547270138e-05
    ],
    [
      2.0231078003915244e-05,
      -0.00013352690183364953,
      0.9949880629787167,
      -2.4540004296833816e-05,
      -4.484019482735181e-05
    ],
    [
      -2.717524056903597e-05,
      -0.00014135515367829371,
      0.9949879970718916,
      -2.506527769412995e-05,
      -2.3611669115985063e-05
    ],
    [
      -1.1729385840517558e-05,
      -0.0001349767968139619,
      0.9949024040065176,
      -2.479684317043426e-05,
      2.566461794687347e-05
    ],
    [
      1.787978141650577e-07,
      -0.00013308054818264386,
      0.9950183172528765,
      -2.7917265431673854e-05,
      4.569003076898701e-05
    ],
    [
      -2.4389685715573217e-06,
      -0.00015304132355950493,
      0.9949683945014568,
      -2.613484031946129e-05,
      -1.0632627838133502e-05
    ],
    [
      -2.330299581875046e-05,
      -0.00013335442694400668,
      0.9949170571396627,
      -2.4437534094203468e-05,
      -6.258203704330518e-05
    ],
    [
      -4.154927492293245e-05,
      -0.00015088089660952953,
      0.9949237009317451,
      -2.8350804297719962e-05,
      -6.046577637216043e-06
    ],
    [
      6.82370134660596e-06,
      -0.00015917828100901773,
      0.9949367244828216,
      -2.3562083787036136e-05,
      -1.2490543187025152e-05
    ],
    [
      -2.9022012891291517e-05,
      -0.00016111418289012708,
      0.9949435986101915,
      -2.717808987073305e-05,
      2.634951271392677e-05
    ],
    [
      -9.79698318825133e-05,
      -0.0001345507152209264,
      0.9949577480431055,
      -2.7527059833120557e-05,
      9.506430559062023e-07
    ],
    [
      -1.7693718902512188e-05,
      -0.00015698688523072153,
      0.9949970272121638,
      -2.24319191039564e-05,
      4.0403954635459996e-05
    ],
    [
      -1.0752308821285027e-05,
      -0.0001358168011243601,
      0.9949136328223804,
      -2.28347385902972e-05,
      -9.397289414323877e-05
    ],
    [
      0.00011859258042569648,
      -0.00012291986300751046,
      0.9949454848444512,
      -2.664542376094098e-05,
      -3.089701174648443e-05
    ],
    [
      -0.00010840109430418663,
      -0.00012727536564107004,
      0.9950168636516837,
      -4.683988287088419e-05,
      1.7702210706370104e-05
    ],
    [
      5.6673179683800016e-05,
      -0.00013810157567282631,
      0.9949033497444908,
      -2.631049289479058e-05,
      0.00012051084873708662
    ],
    [
      6.70339339944757e-05,
      -0.00017716120432404548,
      0.9949433047636959,
      -2.7188122378334142e-05,
      -6.565501459594096e-05
    ],
    [
      6.322392240028174e-05,
      -0.00013401569995272325,
      0.994914082363509,
      -2.705781711646049e-05,
      -0.00014710711068833006
    ],
    [
      -8.970140961529435e-05,
      -0.0001421095913052524,
      0.9950946337347001,
      -2.5004041301122136e-05,
      -1.833783576932717e-05
    ],
    [
      -5.976901689957332e-05,
      -0.00018234855282649274,
      0.99499869306291,
      -1.9948480073806652e-05,
      0.00010362118092585046
    ],
    [
      5.091760134160036e-05,
      0.00013320730462755835,
      0.9951295062812465,
      -2.7320320670668502e-05,
      1.7174467573788236e-06
    ],
    [
      1.5749913768397768e-05,
      -0.00018441703362773206,
      0.9951436553713899,
      -2.6515409668301814e-05,
      0.00016420823284099382
    ],
    [
      0.00019893056312461616,
      -0.00012910391763635464,
      0.9947389564004957,
      -2.3176850313755168e-05,
      -2.250602702177218e-05
    ],
    [
      0.0003418523354820122,
      -0.00015064742487277258,
      0.9950062553418234,
      -4.911542270105433e-05,
      -2.9773810338170474e-05
    ],
    [
      0.0003609101744937213,
      -0.00014710580573575375,
      0.9949632038516969,
      -1.892053028742188e-05,
      1.2699396873374938e-05
    ],
    [
      0.00012265662654326062,
      -0.00012128664261017829,
      0.9948776604459924,
      -2.646586356792615e-05,
      0.0003556056073667889
    ],
    [
      -0.00014772369931299184,
      -0.0002286327648471287,
      0.9951036849501738,
      -4.0856192735470145e-05,
      0.00037091305842767877
    ],
    [
      0.00019805353367193272,
      -0.00012231904749555295,
      0.9949612727983624,
      -1.9009908815132817e-05,
      0.00042529607613633506
    ],
    [
      -0.00038542636092898333,
      -0.0001766552846509849,
      0.9951519809988809,
      -2.523012185888115e-05,
      0.00016812206717294037
    ],
    [
      -0.00021538058230822534,
      -0.00015646626478720878,
      0.9949879181104634,
      -2.790863824726541e-05,
      0.00045964878242837486
    ],
    [
      -0.0004404422509681756,
      -0.00016205827751585795,
      0.994709991941683,
      -2.655970634146116e-05,
      9.170975803341353e-05
    ],
    [
      -7.996605197848998e-05,
      -0.00018776315474925957,
      0.9955311972459031,
      -1.7944345092433202e-05,
      0.00015365559234256106
    ],
    [
      0.000456997488493456,
      -0.00022413930947159572,
      0.995194547592963,
      -2.6300292140157543e-05,
      0.0003483129636222826
    ],
    [
      0.0006309944870009532,
      -0.00015971674853405642,
      0.9950616465159297,
      -1.9452851188781337e-05,
      0.00010149438605154598
    ],
    [
      -0.0006377902613875217,
      -0.00016725544720419422,
      0.9950265600129149,
      -2.9253528866406183e-05,
      0.00026467939162641086
    ],
    [
      -0.0003274786000854162,
      -0.00019075751729670949,
      0.9950460558984882,
      -1.7238943577879117e-05,
      0.0006201823495590968
    ],
    [
      -0.0006121332563494389,
      -0.00013032770163564806,
      0.9949251582974469,
      -2.0948927890814565e-05,
      0.0004311915979585941
    ],
    [
      -0.0003115816094596365,
      -0.00014060789627418866,
      0.995326386573025,
      -2.883149486876858e-05,
      0.0005876081273510701
    ],
    [
      0.0003115568589108831,
      0.0003502200983535143,
      0.9942361390228559,
      -2.963387882101018e-05,
      -0.0002378703981013075
    ],
    [
      -0.0010267591461952347,
      -0.00011129876117016324,
      0.9951625878370033,
      -0.0003823861627228351,
      -3.358989522131103e-05
    ],
    [
      0.0012513293565583014,
      -0.00018251279407931212,
      0.9949297329304082,
      -2.5485200666880404e-05,
      0.00034657031775572536
    ],
    [
      0.001131531366794741,
      0.0002718588306841028,
      0.994573100844828,
      -3.6207638043400734e-05,
      -0.00048186826151736103
    ],
    [
      -0.0015251472629018142,
      -0.0001469297012540623,
      0.9948622078833754,
      -3.307903904914422e-05,
      -6.569486075240349e-05
    ],
    [
      -0.0015476787287731942,
      -0.00014623900241977265,
      0.9949883172480729,
      -2.190704408704209e-05,
