{
  "optimiser": "Particle Swarm Optimisation",
  "hypers": {
    "N": 100,
    "G": 200,
    "I": [
      0.1,
      0.9
    ],
    "A": [
      0.1,
      0.1
    ],
    "bounding": "sticky_bounds",
    "initialisation": "uniform_continuous_init"
  },
  "bounds": [
    [
      -5.12,
      5.12
    ],
    [
      -5.12,
      5.12
    ],
    [
      -5.12,
      5.12
    ],
    [
      -5.12,
      5.12
    ],
    [
      -5.12,
      5.12
    ]
  ],
  "nruns": 1,
  "nfe": 20100,
  "solutions": [
    [
      -1.0018749855766558,
      -0.9905138982931548,
      0.0036584602856358397,
      -0.999401417558077,
      0.001191295237305528
    ],
    [
      -1.001875060241942,
      -0.9905138645758927,
      0.003658026321472655,
      -0.9994016244099125,
      0.0011912973499516913
    ],
    [
      -1.0018750527284876,
      -0.9905138680006667,
      0.0036580715211256523,
      -0.9994016025987867,
      0.0011912971410336737
    ],
    [
      -1.0018750446054172,
      -0.9905138718942141,
      0.0036581195786021185,
      -0.9994015801219601,
      0.001191297439996016
    ],
    [
      -1.0018751040277567,
      -0.990513845256693,
      0.0036577742798637202,
      -0.9994017448892103,
      0.0011912990680579074
    ],
    [
      -1.0018750946039332,
      -0.9905138469291788,
      0.003657822601909433,
      -0.999401721999816,
      0.0011912976253319958
    ],
    [
      -1.0018750797452745,
      -0.990513855767165,
      0.0036579146339751983,
      -0.9994016780557679,
      0.0011912984625462699
    ],
    [
      -1.0018751104219679,
      -0.9905138416234306,
      0.003657738090702779,
      -0.9994017615201884,
      0.0011912984590450825
    ],
    [
      -1.001875144945806,
      -0.9905138271161531,
      0.00365753899324941,
      -0.9994018568176177,
      0.0011913006744753102
    ],
    [
      -1.0018752012772132,
      -0.9905138005655519,
      0.0036572085368535424,
      -0.9994020145477399,
      0.0011913013621598428
    ],
    [
      -1.0018751008570286,
      -0.9905138459859383,
      0.003657795605595599,
      -0.999401734032085,
      0.0011912985703643121
    ],
    [
      -1.0018751276859281,
      -0.9905138358152566,
      0.0036576475559092973,
      -0.9994018045515979,
      0.0011912993709692218
    ],
    [
      -1.0018750488570647,
      -0.9905138704848919,
      0.0036581013541364875,
      -0.9994015890738585,
      0.0011912983491007543
    ],
    [
      -1.0018751139287287,
      -0.9905138408593197,
      0.0036577227821276434,
      -0.9994017693891597,
      0.0011913006425102468
    ],
    [
      -1.0018750636234404,
      -0.990513848920936,
      0.003657988943961661,
      -0.9994016399917477,
      0.0011912885575256623
    ],
    [
      -1.0018751753955062,
      -0.9905138136057858,
      0.0036573726043029127,
      -0.9994019350371651,
      0.0011913016840200653
    ],
    [
      -1.0018750906815355,
      -0.9905138503922287,
      0.0036578579713369905,
      -0.9994017051958498,
      0.0011912996567293394
    ],
    [
      -1.0018751310971892,
      -0.9905138285501163,
      0.003657627019719717,
      -0.9994018113993293,
      0.0011912973317152905
    ],
    [
      -1.00187505887914,
      -0.9905138669051554,
      0.003658048944782587,
      -0.9994016144875549,
      0.0011912998843855063
    ],
    [
      -1.0018750987326055,
      -0.9905138487351921,
      0.0036578229035952696,
      -0.9994017203574512,
      0.0011913004625274026
    ],
    [
      -1.0018751241147592,
      -0.9905138354560463,
      0.0036576658259312553,
      -0.9994017974590443,
      0.0011913004531446227
    ],
    [
      -1.0018751126375718,
      -0.9905138373629006,
      0.0036577247103520057,
      -0.9994017696570314,
      0.0011912984586706882
    ],
    [
      -1.0018750860817933,
      -0.9905138550454547,
      0.0036578989854873485,
      -0.9994016854283911,
      0.0011912998225854937
    ],
    [
      -1.001875108834295,
      -0.9905138445544681,
      0.0036577622090935083,
      -0.999401751892067,
      0.0011913015232537943
    ],
    [
      -1.0018751643249013,
      -0.9905138179797168,
      0.003657434927721781,
      -0.999401907468012,
      0.001191304975040133
    ],
    [
      -1.0018752032597689,
      -0.9905138041394067,
      0.00365722249322432,
      -0.9994020079794845,
      0.0011913056781431251
    ],
    [
      -1.0018750930287397,
      -0.9905138502311183,
      0.003657849668913927,
      -0.9994017110123716,
      0.0011913022939081365
    ],
    [
      -1.00187515043664,
      -0.9905138308365816,
      0.0036575427689929546,
      -0.9994018552556898,
      0.00119130291394229
    ],
    [
      -1.0018752608672576,
      -0.9905137716707035,
      0.0036568672868767978,
      -0.9994021796072157,
      0.0011913071451912739
    ],
    [
      -1.0018751301068003,
      -0.9905138373361361,
      0.0036576663195659154,
      -0.9994017940658582,
      0.0011913020835371644
    ],
    [
      -1.0018751721746681,
      -0.9905138163236593,
      0.003657393987268595,
      -0.9994019296563109,
      0.001191311240820004
    ],
    [
      -1.0018750696763983,
      -0.9905138627343688,
      0.0036579988747046568,
      -0.9994016401505522,
      0.0011913035937188927
    ],
    [
      -1.001875116223859,
      -0.9905138371693828,
      0.003657729505045918,
      -0.9994017666239322,
      0.001191302284572992
    ],
    [
      -1.0018752719396278,
      -0.9905137790926107,
      0.003656902351579357,
      -0.9994021526793805,
      0.0011913001078437317
    ],
    [
      -1.001875078181889,
      -0.9905138580040082,
      0.003657957436760131,
      -0.9994016696648026,
      0.0011912840568281194
    ],
    [
      -1.0018751605104008,
      -0.9905138269260714,
      0.0036575142108997744,
      -0.999401871317318,
      0.0011913093670180336
    ],
    [
      -1.001875182575841,
      -0.9905138236249269,
      0.003657433864530913,
      -0.9994019088777145,
      0.0011913167906964135
    ],
    [
      -1.0018752188585731,
      -0.9905138384594989,
      0.0036573703466113044,
      -0.9994019460586735,
      0.0011913170984202317
    ],
    [
      -1.0018749637331443,
      -0.9905132178810861,
      0.0036585205346243883,
      -0.999401297758117,
      0.0011912049654947661
    ],
    [
      -1.0018765518007728,
      -0.9905139935060067,
      0.0036714105994095155,
      -0.999405667780402,
      0.001192978686130533
    ],
    [
      -1.0018778985688523,
      -0.9905278913366854,
      0.0036588697436979213,
      -0.9994347432560428,
      0.0012142592335577583
    ],
    [
      -1.0018334120873387,
      -0.99059047684002,
      0.0038081857270730614,
      -0.9995696128123616,
      0.0013125405306191591
    ],
    [
      -1.0015250870453944,
      -0.9916994239397818,
      0.003179260110783508,
      -0.998991691002219,
      0.004944044360020166
    ],
    [
      -0.9651218916939439,
      -1.0643864006282806,
      0.5976131633652865,
      -0.9820481133801015,
      -0.038729356379499556
    ],
    [
      -1.0342224178573656,
      -0.9290001470777193,
      -0.048348726130973484,
      -1.0791629513101662,
      0.5686433013313943
    ],
    [
      -0.983968663121713,
      -0.9665927996887903,
      -0.4240340685705298,
      -1.0039532934785986,
      0.34978751323872603
    ],
    [
      -0.575834019665957,
      -0.9947273929295882,
      0.053470995518001926,
      -0.37728764993846053,
      -0.07042998035342926
    ],
    [
      -0.6268485419841086,
      -0.9448508649564697,
      0.41478774663582757,
      -1.02385853004833,
      0.04790075546323872
    ],
    [
      -0.647544350135883,
      -0.9414396367648344,
      0.49299245718077367,
      -1.0005672434783095,
      -0.022292761234071742
    ],
    [
      -0.9582573334778839,
      -0.6577387705179935,
      -0.07682819945138028,
      -0.617992782786133,
      -0.14089398512002843
    ],
    [
