{
  "optimiser": "Quantum Particle Swarm Optimisation",
  "hypers": {
    "N": 100,
    "G": 200,
    "alpha": [
      1.0,
      0.5
    ],
    "bounding": "sticky_bounds",
    "initialisation": "uniform_continuous_init"
  },
  "bounds": [
    [
      -5.12,
      5.12
    ],
    [
      -5.12,
      5.12
    ],
    [
      -5.12,
      5.12
    ],
    [
      -5.12,
      5.12
    ],
    [
      -5.12,
      5.12
    ]
  ],
  "nruns": 1,
  "nfe": 20100,
  "solutions": [
    [
      0.0028537305200022965,
      0.009315948514855734,
      -0.0017362465126876843,
      0.003092867178114069,
      0.002678897578631524
    ],
    [
      -0.00648915498160699,
      -0.004615258932968342,
      -0.0026134091130323315,
      -0.0009785311170266155,
      0.008020447390873103
    ],
    [
      -0.007958180493420331,
      0.0013044128656806012,
      -0.005416509375984665,
      -0.006497816681378226,
      0.0008108099728985606
    ],
    [
      -0.003362426368883171,
      -0.008888979853229602,
      -0.0015882717810932478,
      0.004562935065526482,
      -0.006722847157458913
    ],
    [
      -0.010701870870991214,
      0.0057522883890043725,
      0.0021781946291204975,
      0.0016629028731644218,
      -0.0026682114673959546
    ],
    [
      0.0001822686502597412,
      0.004842919585120611,
      -0.002657558183941121,
      -0.011948027570275004,
      0.00238975781840588
    ],
    [
      -0.010392758340375695,
      -0.0021183119315206942,
      -0.0019798544346801283,
      0.003246062626997767,
      0.007525181463433132
    ],
    [
      -0.005984242450369463,
      -0.0067755138786137915,
      0.007241647356808118,
      0.007433530967375354,
      0.004012734411916699
    ],
    [
      0.004812114661741911,
      0.0023157936222184985,
      0.0018752433401306463,
      -0.0022955706881166273,
      -0.01494861026007889
    ],
    [
      0.010593186045964102,
      -0.009464226755059243,
      0.0007062847128952157,
      0.002092093053844041,
      0.009008677488453612
    ],
    [
      0.0005720105401435328,
      0.016845437159701982,
      -0.0019503437086433855,
      0.0010268890112692852,
      0.002061136704762526
    ],
    [
      0.016738171287187763,
      -0.004553793001356492,
      -0.001720500705277777,
      0.004155792068450815,
      0.0034238217619354553
    ],
    [
      -0.00023244755238344315,
      -0.003559990187450141,
      -0.0019861819651345357,
      -0.006076272917226628,
      0.017377441098886576
    ],
    [
      0.002608600782455162,
      -0.001802816866350288,
      -0.0042138862962064726,
      -0.01519163162617644,
      -0.010543846913256286
    ],
    [
      0.013785640123436664,
      -0.002514585217503165,
      0.012636662843836697,
      -0.0014859373952573881,
      0.00440568322392113
    ],
    [
      -0.0005624542044434121,
      -0.010653520778613002,
      -0.00020674037606312418,
      -0.015402082136473918,
      -0.005787661600707491
    ],
    [
      -0.00848324339093017,
      0.0010693651916721867,
      -0.003988566331816685,
      0.0008351340037589714,
      -0.021358026871341685
    ],
    [
      0.01098582918778471,
      -0.008330268637940905,
      -0.0020978668383358906,
      -0.01906987916668522,
      0.0016178852874075746
    ],
    [
      0.022732271871746392,
      -0.002236872344569066,
      -0.0012526267979358235,
      0.0022867974277625608,
      0.00608406565050285
    ],
    [
      -0.006479631155481,
      -0.018795864877527785,
      0.008805812997115681,
      0.011109974489188984,
      -0.0012391039134753117
    ],
    [
      0.01026020341396493,
      0.016971444754964284,
      -0.0019688504548967672,
      0.00598472601284813,
      0.013911948036703122
    ],
    [
      -0.011802573844400912,
      0.021030965819537943,
      0.0014659178411515184,
      -0.004067662928044226,
      0.01035748208392867
    ],
    [
      0.0033986972104125346,
      -0.005058409566189418,
      0.0005969633365850136,
      -0.002232676452141527,
      -0.027737708387130456
    ],
    [
      0.02698031145818754,
      -0.003171819008502448,
      -0.000290731686621832,
      -0.009636981300730273,
      -0.002603115865216162
    ],
    [
      0.02031089192500571,
      0.011226180136211076,
      -0.001983699022678339,
      -0.016580176629838607,
      0.005814104282855274
    ],
    [
      -0.014836275016262668,
      0.01962965939660187,
      -0.0033404851483963844,
      0.00707683418649126,
      0.0166818672317209
    ],
    [
      -0.007647373842698312,
      0.021593371371886102,
      -0.002802211513040636,
      0.0011034502167680592,
      -0.021095803949089713
    ],
    [
      0.0022965686862606353,
      -0.001974644281825684,
      -0.001201795545760389,
      0.032583217918055664,
      -0.0018306155639249556
    ],
    [
      -0.03185272185273823,
      -0.0023582944054408523,
      -0.0011712349769234247,
      0.006638527334184784,
      -0.003993866908537624
    ],
    [
      -0.0035460312687540466,
      0.010461409013427249,
      0.010077523763659058,
      -0.0008608106917852804,
      -0.029333215738991746
    ],
    [
      -0.005296849714423542,
      -0.0009143812890083309,
      -0.03023581188716112,
      0.001912823518464538,
      0.013926221111493865
    ],
    [
      -0.032182886095589225,
      -0.0011059054521244012,
      0.005855156934835803,
      0.01357299204388901,
      0.004195859490575316
    ],
    [
      0.005493722413851112,
      -0.003402281981859468,
      0.0004803048928476016,
      0.001264418748661419,
      -0.037473218957710976
    ],
    [
      -0.014852307361613193,
      -0.032350093395795095,
      -0.004903442681555606,
      -0.001456890716357174,
      0.016666520197133942
    ],
    [
      0.027717120912671367,
      -0.002627104178324336,
      -0.002556864827809609,
      -0.00483244284781648,
      -0.028067594494733214
    ],
    [
      0.02369532900353327,
      0.017322661654533222,
      -0.002148022766888905,
      -0.0026037999678225005,
      -0.027607625967205295
    ],
    [
      0.014574411835160091,
      -0.03979673105281607,
      -0.001794395011016498,
      0.00010236636156590486,
      -0.0022989585149327477
    ],
    [
      6.969155820696745e-05,
      -0.028137364330088895,
      -0.0016825278225136508,
      0.016729832477314143,
      0.027073087411666745
    ],
    [
      -0.028107328936473885,
      0.008439261350295341,
      -0.002486702655157384,
      -0.002399391496996816,
      0.03132544729623747
    ],
    [
      -0.029789855934402094,
      -0.0014385107704982698,
      -0.002905117001098692,
      0.019173112311616097,
      -0.02740940642112213
    ],
    [
      -0.005059278196913751,
      0.001659750280549469,
      -0.002148225981784418,
      0.00017130994848798615,
      -0.04542998844971094
    ],
    [
      -0.04834245990773175,
      -0.0021329212364179294,
      0.005659265361667542,
      -0.0024953912495083493,
      -0.0003701525327259624
    ],
    [
      0.04864314122269251,
      -0.00840844582651576,
      -0.001848945676176769,
      -0.007179320285202328,
      0.0023309554261403192
    ],
    [
      0.025183224863512228,
      0.00941772436199317,
      0.00017175959318750596,
      -0.005718013887907333,
      -0.044518269435907705
    ],
    [
      0.008841573868402426,
      0.011474136779964096,
      -0.002148428498843734,
      0.019476757975718066,
      0.04863382842198111
    ],
    [
      -0.01967395997828994,
      -0.025900018881909872,
      0.005409718787662773,
      0.043849781910412236,
      0.0032899258251044908
    ],
    [
      0.004539065036516181,
      -0.05290036275618216,
      -0.0018328496352081434,
      -0.019435856805342412,
      -0.0023908788588236037
    ],
    [
      -0.05337814112397602,
      0.02007819121563855,
      -0.0020235327888819877,
      -0.00567235242431848,
      0.0029800645026261
    ],
    [
      0.05464429034770209,
      -0.02330929316120653,
